Gene ID,Location,Genome,Strand,Start,End,Length (bp),Swiss_Prot_Hit,Swiss_Prot_Description,COG ID,COG Type,KO,KEGG_name,KO_description,Level3,Family,Class,ARO_name,CARD_Short_Name,ARO_description,Drug_class,Antibiotic_class(short name),MRG_name,Compound_short_name,bacmet_class,VFs,VFcategory,related_genes,MGE_shot_name,MGE_type,Contig_id
MAG90_gene2140,IR3_k97_86588_ORF2093,MAG90,+,13548,14081,534,sp|C5BF83|YTFE_EDWI9,Iron-sulfur cluster repair protein YtfE OS=Edwardsiella ictaluri (strain 93-146) OX=634503 GN=ytfE PE=3 SV=1,COG2846,O,K07322,ytfE,regulator of cell morphogenesis and NO signaling,-,-,-,-,-,-,-,-,-,-,-,-,-,-,-,-,IR3_k97_86588
MAG90_gene2141,IR3_k97_86588_ORF2094,MAG90,-,15551,14187,1365,sp|P32131|HEMN_ECOLI,Oxygen-independent coproporphyrinogen III oxidase OS=Escherichia coli (strain K12) OX=83333 GN=hemN PE=1 SV=4,COG0635,H,K02495,hemN,oxygen-independent coproporphyrinogen III oxidase [EC:1.3.98.3],Metabolic pathways;Biosynthesis of cofactors;Biosynthesis of secondary metabolites;Porphyrin metabolism,-,-,-,-,-,-,-,-,-,-,Heme biosynthesis (VF0758),Nutritional/Metabolic factor,hemN,-,-,IR3_k97_86588
MAG90_gene2142,IR3_k97_86588_ORF2095,MAG90,+,15897,16274,378,-,-,COG3094,S,-,-,-,-,-,-,-,-,-,-,-,-,-,-,-,-,-,-,-,IR3_k97_86588
MAG90_gene2143,IR3_k97_86588_ORF2096,MAG90,-,18359,16308,2052,sp|Q9R6X3|PHYB_NOSS1,Cyanobacterial phytochrome B OS=Nostoc sp. (strain PCC 7120 / SAG 25.82 / UTEX 2576) OX=103690 GN=bphB PE=3 SV=1,COG2199,T,K11354,-,"two-component system, chemotaxis family, sensor kinase Cph1 [EC:2.7.13.3]",Two-component system,-,-,-,-,-,-,-,smrA,"Ethidium Bromide,Rhodamine 6G,TPP,DAPI",Biocide,-,-,-,-,-,IR3_k97_86588
MAG90_gene2144,IR3_k97_86588_ORF2097,MAG90,-,19026,18370,657,-,-,COG3230,P,-,-,-,-,-,-,-,-,-,-,-,-,-,-,-,-,-,-,-,IR3_k97_86588
MAG90_gene2145,IR3_k97_86588_ORF2098,MAG90,-,20628,19042,1587,sp|Q94BP3|FAO4B_ARATH,Long-chain-alcohol oxidase FAO4B OS=Arabidopsis thaliana OX=3702 GN=FAO4B PE=2 SV=2,COG2303,I;R,K00108,betA,choline dehydrogenase [EC:1.1.99.1],"Glycine, serine and threonine metabolism;Metabolic pathways",AA3,AA,-,-,-,-,-,-,-,-,-,-,-,-,-,IR3_k97_86588
MAG90_gene2147,IR3_k97_86588_ORF2100,MAG90,-,22594,21179,1416,sp|Q9I6C8|CALB_PSEAE,Probable coniferyl aldehyde dehydrogenase OS=Pseudomonas aeruginosa (strain ATCC 15692 / DSM 22644 / CIP 104116 / JCM 14847 / LMG 12228 / 1C / PRS 101 / PAO1) OX=208964 GN=calB PE=3 SV=1,COG1012,I,K00154,-,coniferyl-aldehyde dehydrogenase [EC:1.2.1.68],-,-,-,-,-,-,-,-,-,-,-,-,-,-,-,-,IR3_k97_86588
MAG90_gene0725,IR3_k97_305633_ORF711,MAG90,-,28271,26655,1617,sp|P37758|NARU_ECOLI,Nitrate/nitrite transporter NarU OS=Escherichia coli (strain K12) OX=83333 GN=narU PE=1 SV=3,COG2223,P,K02575,narK,"MFS transporter, NNP family, nitrate/nitrite transporter",Nitrogen metabolism,-,-,-,-,-,-,-,-,-,-,-,-,-,-,-,IR3_k97_305633
MAG90_gene1978,IR3_k97_236496_ORF1933,MAG90,-,28465,27017,1449,sp|Q9I310|Y1727_PSEAE,Uncharacterized signaling protein PA1727 OS=Pseudomonas aeruginosa (strain ATCC 15692 / DSM 22644 / CIP 104116 / JCM 14847 / LMG 12228 / 1C / PRS 101 / PAO1) OX=208964 GN=PA1727 PE=1 SV=1,COG5001,T,K21023,mucR,diguanylate cyclase [EC:2.7.7.65],Biofilm formation - Pseudomonas aeruginosa,-,-,-,-,-,-,-,merE,Hg,Metal,Lateral flagella (VF0625),Biofilm,VP_RS22390,-,-,IR3_k97_236496
MAG90_gene0726,IR3_k97_305633_ORF712,MAG90,+,28597,29241,645,sp|P0AF30|NARL_ECO57,Nitrate/nitrite response regulator protein NarL OS=Escherichia coli O157:H7 OX=83334 GN=narL PE=3 SV=1,COG2197,T;K,K07684,narL,"two-component system, NarL family, nitrate/nitrite response regulator NarL",Two-component system,-,-,Enterococcus faecalis liaR mutant conferring daptomycin resistance,Efae_liaR_DAP,liaR is a response regulator found in the liaFSR signal transduction pathway. Mutations confer daptomycin resistance.,peptide antibiotic,peptide,evgA,SDC,Biocide,TTSS (chromosomally encoded) (VF1023),Effector delivery system,YE105_RS01705,-,-,IR3_k97_305633
MAG90_gene0727,IR3_k97_305633_ORF713,MAG90,+,29251,30468,1218,sp|Q56066|MOEA_SALTY,Molybdopterin molybdenumtransferase OS=Salmonella typhimurium (strain LT2 / SGSC1412 / ATCC 700720) OX=99287 GN=moeA PE=3 SV=2,COG0303,H,K03750,moeA,molybdopterin molybdotransferase [EC:2.10.1.1],Biosynthesis of cofactors;Folate biosynthesis;Metabolic pathways,-,-,-,-,-,-,-,-,-,-,-,-,-,-,-,IR3_k97_305633
MAG90_gene1979,IR3_k97_236496_ORF1934,MAG90,-,30216,28579,1638,sp|P75919|CLSC_ECOLI,Cardiolipin synthase C OS=Escherichia coli (strain K12) OX=83333 GN=clsC PE=1 SV=2,COG1502,I,K06132,clsC,cardiolipin synthase C [EC:2.7.8.-],Metabolic pathways;Glycerophospholipid metabolism,-,-,-,-,-,-,-,-,-,-,Phospholipase D (VF0469),Exotoxin,plcD,-,-,IR3_k97_236496
MAG90_gene1629,IR3_k97_61928_ORF1599,MAG90,-,31184,29712,1473,sp|P0AFB9|NTRC_ECO57,DNA-binding transcriptional regulator NtrC OS=Escherichia coli O157:H7 OX=83334 GN=glnG PE=3 SV=1,COG2204,T,K07712,glnG,"two-component system, NtrC family, nitrogen regulation response regulator GlnG",Two-component system,-,-,TxR,TxR,TxR is a putative transcription regulator that plays a role in conferring tetracycline resistance. It is required for proper functioning of Tet35.,tetracycline antibiotic,tetracycline,corR,Cu,Metal,Type IV pili (VF0082),Adherence,pilR,-,-,IR3_k97_61928
MAG90_gene0728,IR3_k97_305633_ORF714,MAG90,-,32275,30473,1803,sp|Q9I310|Y1727_PSEAE,Uncharacterized signaling protein PA1727 OS=Pseudomonas aeruginosa (strain ATCC 15692 / DSM 22644 / CIP 104116 / JCM 14847 / LMG 12228 / 1C / PRS 101 / PAO1) OX=208964 GN=PA1727 PE=1 SV=1,COG5001,T,K21023,mucR,diguanylate cyclase [EC:2.7.7.65],Biofilm formation - Pseudomonas aeruginosa,-,-,PvrR,PvrR,PvrR is a response regulator that controls the conversion between antibiotic-resistant and antibiotic-susceptible forms of Pseudomonas aeruginosa biofilms through porin deletion/gene absence.,aminoglycoside antibiotic;penam;tetracycline antibiotic,Multidrug,-,-,-,CdpA (VF0432),Regulation,cdpA,-,-,IR3_k97_305633
MAG90_gene1630,IR3_k97_61928_ORF1600,MAG90,-,32290,31181,1110,sp|P0AFB6|NTRB_ECO57,Sensory histidine kinase/phosphatase NtrB OS=Escherichia coli O157:H7 OX=83334 GN=glnL PE=3 SV=1,COG3852,T,K07708,glnL,"two-component system, NtrC family, nitrogen regulation sensor histidine kinase GlnL [EC:2.7.13.3]",Two-component system,-,-,-,-,-,-,-,-,-,-,Type IV pili (VF0082),Adherence,pilS,-,-,IR3_k97_61928
MAG90_gene1980,IR3_k97_236496_ORF1935,MAG90,-,32492,30213,2280,sp|Q9I310|Y1727_PSEAE,Uncharacterized signaling protein PA1727 OS=Pseudomonas aeruginosa (strain ATCC 15692 / DSM 22644 / CIP 104116 / JCM 14847 / LMG 12228 / 1C / PRS 101 / PAO1) OX=208964 GN=PA1727 PE=1 SV=1,COG5001,T,K13924,cheBR,"two-component system, chemotaxis family, CheB/CheR fusion protein [EC:2.1.1.80 3.1.1.61]",Two-component system;Bacterial chemotaxis,-,-,PvrR,PvrR,PvrR is a response regulator that controls the conversion between antibiotic-resistant and antibiotic-susceptible forms of Pseudomonas aeruginosa biofilms through porin deletion/gene absence.,aminoglycoside antibiotic;penam;tetracycline antibiotic,Multidrug,-,-,-,PlcR-PapR quorum sensing (VF0660),Biofilm,papR,-,-,IR3_k97_236496
MAG90_gene0729,IR3_k97_305633_ORF715,MAG90,-,33677,32466,1212,sp|Q608V9|MODC_METCA,Molybdenum import ATP-binding protein ModC OS=Methylococcus capsulatus (strain ATCC 33009 / NCIMB 11132 / Bath) OX=243233 GN=modC PE=3 SV=1,COG4148,P,K02017,modC,molybdate transport system ATP-binding protein [EC:7.3.2.5],ABC transporters,-,-,patB,patB,PatB is an ABC transporter of Streptococcus pneumoniae that interacts with PatA to confer fluoroquinolone resistance..,fluoroquinolone antibiotic,fluoroquinolone,wtpC,"W,Mo",Metal,HitABC (VF0268),Nutritional/Metabolic factor,hitC,-,-,IR3_k97_305633
MAG90_gene1631,IR3_k97_61928_ORF1601,MAG90,-,33829,32420,1410,sp|Q9KNJ2|GLN1B_VIBCH,Glutamine synthetase OS=Vibrio cholerae serotype O1 (strain ATCC 39315 / El Tor Inaba N16961) OX=243277 GN=glnAv PE=3 SV=1,COG0174,E,K01915,glnA,glutamine synthetase [EC:6.3.1.2],"Biosynthesis of amino acids;Two-component system;Glutamatergic synapse;Necroptosis;GABAergic synapse;Alanine, aspartate and glutamate metabolism;Arginine biosynthesis;Glyoxylate and dicarboxylate metabolism;Metabolic pathways;Nitrogen metabolism;Microbial metabolism in diverse environments",-,-,-,-,-,-,-,-,-,-,Glutamine synthesis (VF0816),Nutritional/Metabolic factor,glnA1,-,-,IR3_k97_61928
MAG90_gene0730,IR3_k97_305633_ORF716,MAG90,-,34366,33680,687,sp|P37731|MODB_AZOVI,Molybdenum transport system permease protein ModB OS=Azotobacter vinelandii OX=354 GN=modB PE=3 SV=1,COG4149,P,K02018,modB,molybdate transport system permease protein,ABC transporters,-,-,-,-,-,-,-,modB,"W,Mo",Metal,-,-,-,-,-,IR3_k97_305633
MAG90_gene1632,IR3_k97_61928_ORF1602,MAG90,-,34766,34101,666,sp|Q9RHV8|DSBA_BURCE,Thiol:disulfide interchange protein DsbA OS=Burkholderia cepacia OX=292 GN=dsbA PE=3 SV=1,COG1651,O,K03673,dsbA,protein dithiol oxidoreductase (disulfide-forming) [EC:1.8.4.15],Cationic antimicrobial peptide (CAMP) resistance,-,-,-,-,-,-,-,-,-,-,-,-,-,-,-,IR3_k97_61928
MAG90_gene1633,IR3_k97_61928_ORF1603,MAG90,+,34865,35929,1065,sp|Q9A5I5|PLED_CAUVC,Response regulator PleD OS=Caulobacter vibrioides (strain ATCC 19089 / CB15) OX=190650 GN=pleD PE=1 SV=1,COG2199,T,K01768,-,adenylate cyclase [EC:4.6.1.1],Meiosis - yeast;Longevity regulating pathway - multiple species;Biofilm formation - Pseudomonas aeruginosa;Metabolic pathways;Purine metabolism,-,-,-,-,-,-,-,smrA,"Ethidium Bromide,Rhodamine 6G,TPP,DAPI",Biocide,-,-,-,transposase(plasmid),transposase,IR3_k97_61928
MAG90_gene0731,IR3_k97_305633_ORF717,MAG90,-,35127,34363,765,sp|P37734|MODA_AZOVI,Molybdate-binding protein ModA OS=Azotobacter vinelandii OX=354 GN=modA PE=3 SV=1,COG0725,P,K02020,modA,molybdate transport system substrate-binding protein,ABC transporters,-,-,-,-,-,-,-,-,-,-,-,-,-,-,-,IR3_k97_305633
MAG90_gene2214,IR3_k97_304951_ORF2167,MAG90,+,35179,35388,210,sp|Q9KL16|CSPV_VIBCH,Cold shock protein CspV OS=Vibrio cholerae serotype O1 (strain ATCC 39315 / El Tor Inaba N16961) OX=243277 GN=cspV PE=2 SV=1,COG1278,K,K03704,cspA,cold shock protein,-,-,-,-,-,-,-,-,-,-,-,-,-,-,-,-,IR3_k97_304951
MAG90_gene1981,IR3_k97_236496_ORF1936,MAG90,-,35277,32500,2778,sp|P37367|ATA1_SYNY3,Cation-transporting ATPase pma1 OS=Synechocystis sp. (strain PCC 6803 / Kazusa) OX=1111708 GN=pma1 PE=3 SV=2,COG0474,P,K01537,-,P-type Ca2+ transporter type 2C [EC:7.2.2.10],-,-,-,-,-,-,-,-,mgtA,"Co,Mg",Metal,MgtBC (VF0106),Nutritional/Metabolic factor,mgtB,-,-,IR3_k97_236496
MAG90_gene0732,IR3_k97_305633_ORF718,MAG90,-,35602,35132,471,sp|P30749|MOAE_ECOLI,Molybdopterin synthase catalytic subunit OS=Escherichia coli (strain K12) OX=83333 GN=moaE PE=1 SV=3,COG0314,H,K03635,moaE,molybdopterin synthase catalytic subunit [EC:2.8.1.12],Metabolic pathways;Sulfur relay system;Biosynthesis of cofactors;Folate biosynthesis,-,-,-,-,-,-,-,-,-,-,-,-,-,-,-,IR3_k97_305633
MAG90_gene1634,IR3_k97_61928_ORF1604,MAG90,+,36073,37908,1836,sp|P44910|BIPA_HAEIN,Large ribosomal subunit assembly factor BipA OS=Haemophilus influenzae (strain ATCC 51907 / DSM 11121 / KW20 / Rd) OX=71421 GN=bipA PE=1 SV=1,COG1217,T,K06207,typA,GTP-binding protein,-,-,-,tet(44),tet(44),"Tet44 is a tetracycline resistance gene found in Campylobacter fetus, and binds to the ribosome to confer antibiotic resistance as a ribosomal protection protein.",tetracycline antibiotic,tetracycline,-,-,-,-,-,-,-,-,IR3_k97_61928
MAG90_gene2215,IR3_k97_304951_ORF2168,MAG90,-,36323,35433,891,sp|Q01109|BAH_STRHY,Acetyl-hydrolase OS=Streptomyces hygroscopicus OX=1912 GN=bah PE=3 SV=3,COG0657,I,K14731,mlhB,epsilon-lactone hydrolase [EC:3.1.1.83],Limonene degradation;Caprolactam degradation;Degradation of aromatic compounds;Microbial metabolism in diverse environments,CE1,CE,-,-,-,-,-,-,-,-,MymA operon (VF0840),Immune modulation,lipR,-,-,IR3_k97_304951
MAG90_gene1982,IR3_k97_236496_ORF1937,MAG90,-,36584,35307,1278,sp|P38942|CAT2_CLOK5,4-hydroxybutyrate coenzyme A transferase OS=Clostridium kluyveri (strain ATCC 8527 / DSM 555 / NCIMB 10680) OX=431943 GN=cat2 PE=3 SV=3,COG0427,C,K18122,abfT,4-hydroxybutyrate CoA-transferase [EC:2.8.3.-],Butanoate metabolism;Metabolic pathways;Carbon metabolism,-,-,-,-,-,-,-,-,-,-,-,-,-,-,-,IR3_k97_236496
MAG90_gene2216,IR3_k97_304951_ORF2169,MAG90,-,37810,36335,1476,sp|Q9I3H5|BVMO_PSEAE,Baeyer-Villiger monooxygenase OS=Pseudomonas aeruginosa (strain ATCC 15692 / DSM 22644 / CIP 104116 / JCM 14847 / LMG 12228 / 1C / PRS 101 / PAO1) OX=208964 GN=PA1538 PE=1 SV=1,COG2072,P,K03379,chnB,cyclohexanone monooxygenase [EC:1.14.13.22],Degradation of aromatic compounds;Caprolactam degradation;Microbial metabolism in diverse environments,-,-,Mycobacterium tuberculosis ethA with mutation conferring resistance to ethionamide,Mtub_ethA_ETO,Specific mutations that occurs on Mycobacterium tuberculosis ethA causing it to be ethionamide resistant.,isoniazid-like antibiotic;thioamide antibiotic,Multidrug,-,-,-,MymA operon (VF0840),Immune modulation,mymA,-,-,IR3_k97_304951
MAG90_gene1983,IR3_k97_236496_ORF1938,MAG90,-,37956,36595,1362,sp|Q5SLP1|RNSE_THET8,Ribonuclease TTHA0252 OS=Thermus thermophilus (strain ATCC 27634 / DSM 579 / HB8) OX=300852 GN=TTHA0252 PE=1 SV=1,COG1236,J,K07576,-,metallo-beta-lactamase family protein,-,-,-,-,-,-,-,-,-,-,-,-,-,-,-,-,IR3_k97_236496
MAG90_gene1635,IR3_k97_61928_ORF1605,MAG90,-,38643,37996,648,sp|P54175|HLY3_BACSU,Hemolysin-3 homolog OS=Bacillus subtilis (strain 168) OX=224308 GN=yplQ PE=3 SV=1,COG1272,U,K11068,hlyIII,hemolysin III,-,-,-,-,-,-,-,-,-,-,-,Hemolysin III (VF0655),Exotoxin,hlyIII,-,-,IR3_k97_61928
MAG90_gene2217,IR3_k97_304951_ORF2170,MAG90,-,38716,37835,882,sp|P77334|PDER_ECOLI,Cyclic di-GMP phosphodiesterase PdeR OS=Escherichia coli (strain K12) OX=83333 GN=pdeR PE=1 SV=1,COG2202,T,K21021,tpbB,diguanylate cyclase [EC:2.7.7.65],Biofilm formation - Pseudomonas aeruginosa,-,-,-,-,-,-,-,-,-,-,PlcR-PapR quorum sensing (VF0660),Biofilm,papR,-,-,IR3_k97_304951
MAG90_gene2160,IR3_k97_86588_ORF2113,MAG90,-,38816,38358,459,sp|Q9P016|THYN1_HUMAN,Thymocyte nuclear protein 1 OS=Homo sapiens OX=9606 GN=THYN1 PE=1 SV=1,COG2947,R,-,-,-,-,-,-,-,-,-,-,-,-,-,-,-,-,-,-,-,IR3_k97_86588
MAG90_gene2219,IR3_k97_304951_ORF2172,MAG90,+,39130,40185,1056,-,-,COG3049,M;R,K01442,cbh,choloylglycine hydrolase [EC:3.5.1.24],Primary bile acid biosynthesis;Secondary bile acid biosynthesis;Metabolic pathways,-,-,-,-,-,-,-,-,-,-,-,-,-,-,-,IR3_k97_304951
MAG90_gene1984,IR3_k97_236496_ORF1939,MAG90,-,39814,38021,1794,sp|Q04855|Y3085_AZOC5,Uncharacterized protein AZC_3085 OS=Azorhizobium caulinodans (strain ATCC 43989 / DSM 5975 / JCM 20966 / LMG 6465 / NBRC 14845 / NCIMB 13405 / ORS 571) OX=438753 GN=AZC_3085 PE=4 SV=1,COG2202,T,K21024,bifA,c-di-GMP phosphodiesterase [EC:3.1.4.52],Biofilm formation - Pseudomonas aeruginosa,-,-,PvrR,PvrR,PvrR is a response regulator that controls the conversion between antibiotic-resistant and antibiotic-susceptible forms of Pseudomonas aeruginosa biofilms through porin deletion/gene absence.,aminoglycoside antibiotic;penam;tetracycline antibiotic,Multidrug,-,-,-,CdpA (VF0432),Regulation,cdpA,-,-,IR3_k97_236496
MAG90_gene1985,IR3_k97_236496_ORF1940,MAG90,+,40065,40937,873,sp|Q54EJ5|GLOB2_DICDI,Glyoxylase B2 OS=Dictyostelium discoideum OX=44689 GN=gloB2 PE=3 SV=1,COG0491,R,K17725,-,sulfur dioxygenase [EC:1.13.11.18],Metabolic pathways;Microbial metabolism in diverse environments;Sulfur metabolism,-,-,-,-,-,-,-,-,-,-,-,-,-,-,-,IR3_k97_236496
MAG90_gene2161,IR3_k97_86588_ORF2114,MAG90,-,40553,38820,1734,sp|P54463|YQEW_BACSU,Uncharacterized protein YqeW OS=Bacillus subtilis (strain 168) OX=224308 GN=yqeW PE=4 SV=2,COG1283,P,K03324,yjbB,phosphate:Na+ symporter,-,-,-,-,-,-,-,-,-,-,-,-,-,-,-,-,IR3_k97_86588
MAG90_gene2162,IR3_k97_86588_ORF2115,MAG90,+,40940,41800,861,sp|P32684|RLUF_ECOLI,Dual-specificity RNA pseudouridine synthase RluF OS=Escherichia coli (strain K12) OX=83333 GN=rluF PE=1 SV=1,COG1187,J,K06182,rluF,23S rRNA pseudouridine2604 synthase [EC:5.4.99.21],-,-,-,-,-,-,-,-,-,-,-,-,-,-,-,-,IR3_k97_86588
MAG90_gene1986,IR3_k97_236496_ORF1941,MAG90,+,40953,41756,804,sp|A0RBT0|RESA_BACAH,Thiol-disulfide oxidoreductase ResA OS=Bacillus thuringiensis (strain Al Hakam) OX=412694 GN=resA PE=3 SV=1,COG0682,M,K02199,ccmG,"cytochrome c biogenesis protein CcmG, thiol:disulfide interchange protein DsbE",-,-,-,-,-,-,-,-,-,-,-,-,-,-,-,-,IR3_k97_236496
MAG90_gene2220,IR3_k97_304951_ORF2173,MAG90,-,41427,40189,1239,sp|Q9RYH5|KYNU_DEIRA,Kynureninase OS=Deinococcus radiodurans (strain ATCC 13939 / DSM 20539 / JCM 16871 / CCUG 27074 / LMG 4051 / NBRC 15346 / NCIMB 9279 / VKM B-1422 / R1) OX=243230 GN=kynU PE=3 SV=2,COG3844,E,K01556,kynU,kynureninase [EC:3.7.1.3],Biosynthesis of cofactors;Tryptophan metabolism;Metabolic pathways,-,-,-,-,-,-,-,-,-,-,-,-,-,-,-,IR3_k97_304951
MAG90_gene2163,IR3_k97_86588_ORF2116,MAG90,+,41900,44152,2253,sp|Q9I310|Y1727_PSEAE,Uncharacterized signaling protein PA1727 OS=Pseudomonas aeruginosa (strain ATCC 15692 / DSM 22644 / CIP 104116 / JCM 14847 / LMG 12228 / 1C / PRS 101 / PAO1) OX=208964 GN=PA1727 PE=1 SV=1,COG5001,T,K21023,mucR,diguanylate cyclase [EC:2.7.7.65],Biofilm formation - Pseudomonas aeruginosa,-,-,PvrR,PvrR,PvrR is a response regulator that controls the conversion between antibiotic-resistant and antibiotic-susceptible forms of Pseudomonas aeruginosa biofilms through porin deletion/gene absence.,aminoglycoside antibiotic;penam;tetracycline antibiotic,Multidrug,-,-,-,PlcR-PapR quorum sensing (VF0660),Biofilm,papR,-,-,IR3_k97_86588
MAG90_gene2221,IR3_k97_304951_ORF2174,MAG90,-,42248,41430,819,-,-,COG1506,E,K01432,-,arylformamidase [EC:3.5.1.9],Biosynthesis of cofactors;Glyoxylate and dicarboxylate metabolism;Metabolic pathways;Tryptophan metabolism,CE1,CE,-,-,-,-,-,-,-,-,-,-,-,-,-,IR3_k97_304951
MAG90_gene1637,IR3_k97_61928_ORF1607,MAG90,-,42383,39243,3141,sp|Q8G2M6|BEPE_BRUSU,Efflux pump membrane transporter BepE OS=Brucella suis biovar 1 (strain 1330) OX=204722 GN=bepE PE=1 SV=1,COG0841,V,K18138,acrB,multidrug efflux pump,beta-Lactam resistance;Cationic antimicrobial peptide (CAMP) resistance,-,-,cmeB,cmeB,CmeB is the inner membrane transporter the CmeABC multidrug efflux complex.,cephalosporin;fluoroquinolone antibiotic;fusidane antibiotic;macrolide antibiotic,Multidrug,bepE,"SDC,Ethidium Bromide,Crystal Violet",Biocide,AdeFGH efflux pump (VF0504),Biofilm,adeG,-,-,IR3_k97_61928
MAG90_gene1987,IR3_k97_236496_ORF1942,MAG90,-,42954,41788,1167,-,-,COG3825,S,K09989,-,uncharacterized protein,-,-,-,-,-,-,-,-,-,-,-,-,-,-,-,-,IR3_k97_236496
MAG90_gene1988,IR3_k97_236496_ORF1943,MAG90,-,43852,42992,861,-,-,COG0714,R,K14572,-,midasin,Ribosome biogenesis in eukaryotes,-,-,-,-,-,-,-,-,-,-,-,-,-,-,-,IR3_k97_236496
MAG90_gene2164,IR3_k97_86588_ORF2117,MAG90,-,44850,44149,702,sp|A8YUZ6|PRMA_LACH4,Ribosomal protein L11 methyltransferase OS=Lactobacillus helveticus (strain DPC 4571) OX=405566 GN=prmA PE=3 SV=1,COG2890,J,K02493,hemK,release factor glutamine methyltransferase [EC:2.1.1.297],-,-,-,-,-,-,-,-,-,-,-,-,-,-,-,-,IR3_k97_86588
MAG90_gene2165,IR3_k97_86588_ORF2118,MAG90,-,46137,44926,1212,sp|Q9KVK6|CDGJ_VIBCH,Cyclic di-GMP phosphodiesterase CdgJ OS=Vibrio cholerae serotype O1 (strain ATCC 39315 / El Tor Inaba N16961) OX=243277 GN=cdgJ PE=1 SV=1,COG3434,T,K07181,cdgJ,c-di-GMP phosphodiesterase [EC:3.1.4.52],Biofilm formation - Vibrio cholerae,-,-,-,-,-,-,-,-,-,-,-,-,-,-,-,IR3_k97_86588
MAG90_gene2166,IR3_k97_86588_ORF2119,MAG90,-,46896,46273,624,sp|O08368|GPWA_PSEWI,Glutathione peroxidase OS=Pseudomonas wisconsinensis OX=57038 GN=gpwA PE=3 SV=1,COG0386,V;I,K00432,btuE,glutathione peroxidase [EC:1.11.1.9],Metabolic pathways;Glutathione metabolism;Huntington disease;Thyroid hormone synthesis;Pathways of neurodegeneration - multiple diseases;Amyotrophic lateral sclerosis,-,-,-,-,-,-,-,-,-,-,-,-,-,-,-,IR3_k97_86588
MAG90_gene2167,IR3_k97_86588_ORF2120,MAG90,+,47248,48396,1149,sp|Q8L774|SLP1_ARATH,Shewanella-like protein phosphatase 1 OS=Arabidopsis thaliana OX=3702 GN=SLP1 PE=1 SV=1,COG0420,L,K07313,pphA,serine/threonine protein phosphatase 1 [EC:3.1.3.16],-,-,-,-,-,-,-,-,-,-,-,-,-,-,-,-,IR3_k97_86588
MAG90_gene1368,IR3_k97_270449_ORF1345,MAG90,-,97706,96270,1437,-,-,COG3428,S,K08981,-,putative membrane protein,-,-,-,-,-,-,-,-,-,-,-,-,-,-,-,-,IR3_k97_270449
MAG90_gene1369,IR3_k97_270449_ORF1346,MAG90,-,98253,97699,555,-,-,COG3402,S,K09167,-,uncharacterized protein,-,-,-,-,-,-,-,-,-,-,-,-,-,-,-,-,IR3_k97_270449
MAG90_gene1371,IR3_k97_270449_ORF1348,MAG90,+,99436,99912,477,sp|Q9XEX2|PRX2B_ARATH,Peroxiredoxin-2B OS=Arabidopsis thaliana OX=3702 GN=PRXIIB PE=1 SV=1,COG0678,O,K24138,-,glutaredoxin/glutathione-dependent peroxiredoxin [EC:1.11.1.25 1.11.1.27],Metabolic pathways;Glutathione metabolism,-,-,-,-,-,-,-,-,-,-,-,-,-,-,-,IR3_k97_270449
MAG90_gene1372,IR3_k97_270449_ORF1349,MAG90,-,100888,99956,933,sp|P43011|Y1364_HAEIN,Uncharacterized HTH-type transcriptional regulator HI_1364 OS=Haemophilus influenzae (strain ATCC 51907 / DSM 11121 / KW20 / Rd) OX=71421 GN=HI_1364 PE=3 SV=1,COG0583,K,K18900,bpeT,"LysR family transcriptional regulator, regulator for bpeEF and oprC",-,-,-,adeL,adeL,AdeL is a regulator of AdeFGH in Acinetobacter baumannii. AdeL mutations are associated with AdeFGH overexpression and multidrug resistance.,fluoroquinolone antibiotic;tetracycline antibiotic,Multidrug,adeL,"SDS,Ethidium Bromide,Safranin O,Acridine Orange",Biocide,-,-,-,-,-,IR3_k97_270449
MAG90_gene1373,IR3_k97_270449_ORF1350,MAG90,+,101028,101636,609,sp|Q9L867|AZOR_AZOBR,FMN-dependent NADH:quinone oxidoreductase OS=Azospirillum brasilense OX=192 GN=azoR PE=3 SV=1,COG1182,C,K01118,acpD,FMN-dependent NADH-azoreductase [EC:1.7.1.17],-,-,-,-,-,-,-,-,-,-,-,-,-,-,-,-,IR3_k97_270449
MAG90_gene1374,IR3_k97_270449_ORF1351,MAG90,+,101792,103144,1353,sp|P55552|Y4LL_SINFN,Uncharacterized protein y4lL OS=Sinorhizobium fredii (strain NBRC 101917 / NGR234) OX=394 GN=NGR_a02630 PE=4 SV=1,COG2202,T,K11354,-,"two-component system, chemotaxis family, sensor kinase Cph1 [EC:2.7.13.3]",Two-component system,-,-,-,-,-,-,-,-,-,-,PlcR-PapR quorum sensing (VF0660),Biofilm,papR,-,-,IR3_k97_270449
MAG90_gene1376,IR3_k97_270449_ORF1353,MAG90,-,105390,103969,1422,sp|B4RYE6|RIMO_ALTMD,Ribosomal protein uS12 methylthiotransferase RimO OS=Alteromonas mediterranea (strain DSM 17117 / CIP 110805 / LMG 28347 / Deep ecotype) OX=1774373 GN=rimO PE=3 SV=1,COG0621,J,K14441,rimO,ribosomal protein S12 methylthiotransferase [EC:2.8.4.4],-,-,-,-,-,-,-,-,-,-,-,-,-,-,-,-,IR3_k97_270449
MAG90_gene1377,IR3_k97_270449_ORF1354,MAG90,+,105534,107105,1572,sp|Q9I310|Y1727_PSEAE,Uncharacterized signaling protein PA1727 OS=Pseudomonas aeruginosa (strain ATCC 15692 / DSM 22644 / CIP 104116 / JCM 14847 / LMG 12228 / 1C / PRS 101 / PAO1) OX=208964 GN=PA1727 PE=1 SV=1,COG2200,T,K21023,mucR,diguanylate cyclase [EC:2.7.7.65],Biofilm formation - Pseudomonas aeruginosa,-,-,-,-,-,-,-,-,-,-,Lateral flagella (VF0625),Biofilm,scrG,-,-,IR3_k97_270449